business_id,business_type,date,mode,distance_km,unit,emission_factor,emissions_kgCO2e
B0001,Bakery,2024-01,car_diesel,87.6,km,0.201,17.6076
B0001,Bakery,2024-01,car_diesel,275.6,km,0.201,55.39560000000001
B0001,Bakery,2024-01,motorbike,38.6,km,0.112,4.3232
B0001,Bakery,2024-01,car_petrol,83.1,km,0.225,18.697499999999998
B0001,Bakery,2024-01,delivery_van,196.9,km,0.315,62.023500000000006
B0001,Bakery,2024-02,bus,2142.0,passenger-km,0.088,188.49599999999998
B0001,Bakery,2024-02,car_petrol,69.7,km,0.225,15.682500000000001
B0001,Bakery,2024-02,delivery_van,79.5,km,0.315,25.0425
B0001,Bakery,2024-02,car_petrol,158.8,km,0.225,35.730000000000004
B0001,Bakery,2024-02,car_diesel,31.0,km,0.201,6.231000000000001
B0001,Bakery,2024-03,car_petrol,168.8,km,0.225,37.980000000000004
B0001,Bakery,2024-03,bus,1403.4,passenger-km,0.088,123.4992
B0001,Bakery,2024-04,delivery_van,249.1,km,0.315,78.4665
B0001,Bakery,2024-04,motorbike,229.1,km,0.112,25.6592
B0001,Bakery,2024-04,car_petrol,224.1,km,0.225,50.4225
B0001,Bakery,2024-04,motorbike,80.2,km,0.112,8.9824
B0001,Bakery,2024-05,car_petrol,181.6,km,0.225,40.86
B0001,Bakery,2024-05,car_petrol,297.4,km,0.225,66.91499999999999
B0001,Bakery,2024-06,car_petrol,227.5,km,0.225,51.1875
B0001,Bakery,2024-06,car_diesel,167.2,km,0.201,33.6072
B0001,Bakery,2024-06,bus,440.8,passenger-km,0.088,38.7904
B0001,Bakery,2024-06,bus,320.0,passenger-km,0.088,28.159999999999997
B0001,Bakery,2024-06,car_diesel,139.3,km,0.201,27.999300000000005
B0001,Bakery,2024-07,car_diesel,115.2,km,0.201,23.1552
B0001,Bakery,2024-07,bus,721.5,passenger-km,0.088,63.492
B0001,Bakery,2024-07,car_diesel,170.7,km,0.201,34.3107
B0001,Bakery,2024-08,car_diesel,165.3,km,0.201,33.225300000000004
B0001,Bakery,2024-08,bus,1635.2,passenger-km,0.088,143.89759999999998
B0001,Bakery,2024-08,motorbike,73.9,km,0.112,8.276800000000001
B0001,Bakery,2024-09,delivery_van,86.7,km,0.315,27.3105
B0001,Bakery,2024-09,motorbike,166.8,km,0.112,18.681600000000003
B0001,Bakery,2024-09,delivery_van,130.4,km,0.315,41.076
B0001,Bakery,2024-10,car_petrol,74.8,km,0.225,16.83
B0001,Bakery,2024-10,bus,3010.8,passenger-km,0.088,264.9504
B0001,Bakery,2024-10,bus,990.4,passenger-km,0.088,87.1552
B0001,Bakery,2024-10,bus,1899.8,passenger-km,0.088,167.18239999999997
B0001,Bakery,2024-10,car_diesel,253.8,km,0.201,51.0138
B0001,Bakery,2024-11,delivery_van,167.1,km,0.315,52.6365
B0001,Bakery,2024-11,car_petrol,223.3,km,0.225,50.24250000000001
B0001,Bakery,2024-11,motorbike,136.6,km,0.112,15.299199999999999
B0001,Bakery,2024-11,motorbike,187.2,km,0.112,20.9664
B0001,Bakery,2024-12,bus,681.2,passenger-km,0.088,59.9456
B0001,Bakery,2024-12,delivery_van,237.2,km,0.315,74.718
B0001,Bakery,2024-12,car_petrol,54.8,km,0.225,12.33
B0002,Restaurant,2024-01,motorbike,136.0,km,0.112,15.232000000000001
B0002,Restaurant,2024-01,motorbike,133.6,km,0.112,14.9632
B0002,Restaurant,2024-01,car_diesel,250.0,km,0.201,50.25
B0002,Restaurant,2024-01,car_petrol,61.1,km,0.225,13.7475
B0002,Restaurant,2024-02,delivery_van,160.3,km,0.315,50.4945
B0002,Restaurant,2024-02,delivery_van,17.9,km,0.315,5.6385
B0002,Restaurant,2024-02,bus,212.4,passenger-km,0.088,18.6912
B0002,Restaurant,2024-02,bus,3318.0,passenger-km,0.088,291.984
B0002,Restaurant,2024-02,motorbike,37.0,km,0.112,4.144
B0002,Restaurant,2024-03,car_diesel,170.8,km,0.201,34.3308
B0002,Restaurant,2024-03,motorbike,208.7,km,0.112,23.374399999999998
B0002,Restaurant,2024-03,car_petrol,36.6,km,0.225,8.235000000000001
B0002,Restaurant,2024-04,car_petrol,69.5,km,0.225,15.637500000000001
B0002,Restaurant,2024-04,delivery_van,68.7,km,0.315,21.6405
B0002,Restaurant,2024-04,motorbike,278.4,km,0.112,31.180799999999998
B0002,Restaurant,2024-04,motorbike,238.4,km,0.112,26.7008
B0002,Restaurant,2024-04,car_diesel,60.4,km,0.201,12.1404
B0002,Restaurant,2024-05,delivery_van,179.3,km,0.315,56.4795
B0002,Restaurant,2024-05,car_diesel,262.6,km,0.201,52.78260000000001
B0002,Restaurant,2024-05,delivery_van,23.1,km,0.315,7.2765
B0002,Restaurant,2024-05,car_diesel,251.9,km,0.201,50.6319
B0002,Restaurant,2024-06,car_diesel,263.1,km,0.201,52.883100000000006
B0002,Restaurant,2024-06,bus,1038.5,passenger-km,0.088,91.38799999999999
B0002,Restaurant,2024-06,bus,2281.2,passenger-km,0.088,200.74559999999997
B0002,Restaurant,2024-06,car_diesel,252.1,km,0.201,50.6721
B0002,Restaurant,2024-07,bus,3313.5,passenger-km,0.088,291.58799999999997
B0002,Restaurant,2024-07,car_petrol,281.7,km,0.225,63.3825
B0002,Restaurant,2024-07,delivery_van,173.4,km,0.315,54.621
B0002,Restaurant,2024-07,delivery_van,199.8,km,0.315,62.937000000000005
B0002,Restaurant,2024-08,car_petrol,54.3,km,0.225,12.2175
B0002,Restaurant,2024-08,car_petrol,284.7,km,0.225,64.0575
B0002,Restaurant,2024-08,bus,262.7,passenger-km,0.088,23.117599999999996
B0002,Restaurant,2024-09,motorbike,34.4,km,0.112,3.8528
B0002,Restaurant,2024-09,car_diesel,107.9,km,0.201,21.687900000000003
B0002,Restaurant,2024-09,car_petrol,76.9,km,0.225,17.302500000000002
B0002,Restaurant,2024-09,delivery_van,16.8,km,0.315,5.292000000000001
B0002,Restaurant,2024-09,delivery_van,273.6,km,0.315,86.18400000000001
B0002,Restaurant,2024-10,car_petrol,201.5,km,0.225,45.3375
B0002,Restaurant,2024-10,car_diesel,232.0,km,0.201,46.632000000000005
B0002,Restaurant,2024-11,motorbike,155.7,km,0.112,17.438399999999998
B0002,Restaurant,2024-11,car_diesel,267.7,km,0.201,53.807700000000004
B0002,Restaurant,2024-11,car_petrol,234.2,km,0.225,52.695
B0002,Restaurant,2024-11,delivery_van,189.6,km,0.315,59.724
B0002,Restaurant,2024-12,car_diesel,275.2,km,0.201,55.315200000000004
B0002,Restaurant,2024-12,delivery_van,262.1,km,0.315,82.56150000000001
B0002,Restaurant,2024-12,motorbike,242.0,km,0.112,27.104
B0003,Supermarket,2024-01,car_diesel,152.6,km,0.201,30.6726
B0003,Supermarket,2024-01,car_petrol,274.0,km,0.225,61.65
B0003,Supermarket,2024-02,bus,4187.400000000001,passenger-km,0.088,368.49120000000005
B0003,Supermarket,2024-02,motorbike,59.8,km,0.112,6.6975999999999996
B0003,Supermarket,2024-02,car_diesel,72.0,km,0.201,14.472000000000001
B0003,Supermarket,2024-02,delivery_van,291.8,km,0.315,91.917
B0003,Supermarket,2024-03,motorbike,170.7,km,0.112,19.118399999999998
B0003,Supermarket,2024-03,bus,1864.8,passenger-km,0.088,164.1024
B0003,Supermarket,2024-03,car_petrol,40.1,km,0.225,9.0225
B0003,Supermarket,2024-04,delivery_van,233.2,km,0.315,73.458
B0003,Supermarket,2024-04,car_petrol,254.0,km,0.225,57.15
B0003,Supermarket,2024-04,car_petrol,278.0,km,0.225,62.550000000000004
B0003,Supermarket,2024-04,car_petrol,158.7,km,0.225,35.707499999999996
B0003,Supermarket,2024-05,bus,2546.1,passenger-km,0.088,224.05679999999998
B0003,Supermarket,2024-05,bus,3663.8,passenger-km,0.088,322.4144
B0003,Supermarket,2024-06,motorbike,274.6,km,0.112,30.755200000000002
B0003,Supermarket,2024-06,delivery_van,33.8,km,0.315,10.646999999999998
B0003,Supermarket,2024-07,delivery_van,33.7,km,0.315,10.6155
B0003,Supermarket,2024-07,motorbike,147.9,km,0.112,16.5648
B0003,Supermarket,2024-07,car_petrol,278.9,km,0.225,62.7525
B0003,Supermarket,2024-07,motorbike,242.2,km,0.112,27.1264
B0003,Supermarket,2024-07,delivery_van,169.7,km,0.315,53.455499999999994
B0003,Supermarket,2024-08,car_petrol,255.2,km,0.225,57.42
B0003,Supermarket,2024-08,car_diesel,98.4,km,0.201,19.7784
B0003,Supermarket,2024-09,delivery_van,154.3,km,0.315,48.6045
B0003,Supermarket,2024-09,bus,970.2,passenger-km,0.088,85.3776
B0003,Supermarket,2024-10,delivery_van,135.9,km,0.315,42.8085
B0003,Supermarket,2024-10,car_diesel,249.7,km,0.201,50.1897
B0003,Supermarket,2024-10,car_diesel,54.4,km,0.201,10.9344
B0003,Supermarket,2024-10,delivery_van,270.7,km,0.315,85.2705
B0003,Supermarket,2024-10,car_petrol,28.5,km,0.225,6.4125000000000005
B0003,Supermarket,2024-11,delivery_van,191.6,km,0.315,60.354
B0003,Supermarket,2024-11,motorbike,51.8,km,0.112,5.8016
B0003,Supermarket,2024-12,car_petrol,174.4,km,0.225,39.24
B0003,Supermarket,2024-12,car_diesel,290.6,km,0.201,58.41060000000001
B0003,Supermarket,2024-12,motorbike,291.8,km,0.112,32.6816
B0003,Supermarket,2024-12,car_petrol,218.3,km,0.225,49.11750000000001
B0003,Supermarket,2024-12,delivery_van,15.8,km,0.315,4.977
B0004,Pharmacy,2024-01,car_petrol,107.7,km,0.225,24.2325
B0004,Pharmacy,2024-01,motorbike,85.7,km,0.112,9.5984
B0004,Pharmacy,2024-01,bus,139.0,passenger-km,0.088,12.232
B0004,Pharmacy,2024-01,car_diesel,204.0,km,0.201,41.004000000000005
B0004,Pharmacy,2024-02,bus,3342.0,passenger-km,0.088,294.096
B0004,Pharmacy,2024-02,car_diesel,118.6,km,0.201,23.8386
B0004,Pharmacy,2024-02,car_petrol,29.6,km,0.225,6.66
B0004,Pharmacy,2024-02,car_petrol,200.9,km,0.225,45.2025
B0004,Pharmacy,2024-02,delivery_van,285.5,km,0.315,89.9325
B0004,Pharmacy,2024-03,motorbike,104.6,km,0.112,11.7152
B0004,Pharmacy,2024-03,delivery_van,50.0,km,0.315,15.75
B0004,Pharmacy,2024-03,motorbike,38.0,km,0.112,4.256
B0004,Pharmacy,2024-03,motorbike,197.9,km,0.112,22.1648
B0004,Pharmacy,2024-03,delivery_van,18.8,km,0.315,5.922000000000001
B0004,Pharmacy,2024-04,delivery_van,225.2,km,0.315,70.938
B0004,Pharmacy,2024-04,car_petrol,65.6,km,0.225,14.76
B0004,Pharmacy,2024-04,motorbike,28.4,km,0.112,3.1808
B0004,Pharmacy,2024-04,motorbike,36.5,km,0.112,4.088
B0004,Pharmacy,2024-04,delivery_van,94.7,km,0.315,29.8305
B0004,Pharmacy,2024-05,car_petrol,30.1,km,0.225,6.772500000000001
B0004,Pharmacy,2024-05,delivery_van,177.1,km,0.315,55.7865
B0004,Pharmacy,2024-05,car_petrol,44.9,km,0.225,10.1025
B0004,Pharmacy,2024-05,delivery_van,246.4,km,0.315,77.616
B0004,Pharmacy,2024-06,motorbike,47.7,km,0.112,5.3424000000000005
B0004,Pharmacy,2024-06,motorbike,209.3,km,0.112,23.4416
B0004,Pharmacy,2024-06,motorbike,218.4,km,0.112,24.460800000000003
B0004,Pharmacy,2024-06,car_diesel,242.1,km,0.201,48.6621
B0004,Pharmacy,2024-07,car_diesel,52.2,km,0.201,10.4922
B0004,Pharmacy,2024-07,bus,1357.1999999999998,passenger-km,0.088,119.43359999999997
B0004,Pharmacy,2024-07,delivery_van,59.2,km,0.315,18.648
B0004,Pharmacy,2024-08,bus,53.4,passenger-km,0.088,4.699199999999999
B0004,Pharmacy,2024-08,car_diesel,235.6,km,0.201,47.3556
B0004,Pharmacy,2024-09,car_petrol,111.6,km,0.225,25.11
B0004,Pharmacy,2024-09,car_diesel,77.1,km,0.201,15.4971
B0004,Pharmacy,2024-10,car_diesel,181.1,km,0.201,36.4011
B0004,Pharmacy,2024-10,car_petrol,282.0,km,0.225,63.45
B0004,Pharmacy,2024-10,delivery_van,21.5,km,0.315,6.7725
B0004,Pharmacy,2024-11,car_petrol,18.7,km,0.225,4.2075
B0004,Pharmacy,2024-11,bus,2327.4,passenger-km,0.088,204.81119999999999
B0004,Pharmacy,2024-12,delivery_van,225.2,km,0.315,70.938
B0004,Pharmacy,2024-12,bus,1428.8,passenger-km,0.088,125.7344
B0004,Pharmacy,2024-12,delivery_van,81.5,km,0.315,25.6725
B0004,Pharmacy,2024-12,car_diesel,85.9,km,0.201,17.265900000000002
B0004,Pharmacy,2024-12,delivery_van,231.7,km,0.315,72.9855
B0005,FuelStation,2024-01,bus,1457.5,passenger-km,0.088,128.26
B0005,FuelStation,2024-01,car_diesel,34.0,km,0.201,6.8340000000000005
B0005,FuelStation,2024-01,delivery_van,138.1,km,0.315,43.5015
B0005,FuelStation,2024-01,delivery_van,109.6,km,0.315,34.524
B0005,FuelStation,2024-02,car_diesel,90.7,km,0.201,18.230700000000002
B0005,FuelStation,2024-02,car_diesel,38.2,km,0.201,7.678200000000001
B0005,FuelStation,2024-02,motorbike,187.2,km,0.112,20.9664
B0005,FuelStation,2024-02,car_diesel,34.0,km,0.201,6.8340000000000005
B0005,FuelStation,2024-03,motorbike,172.7,km,0.112,19.342399999999998
B0005,FuelStation,2024-03,bus,508.19999999999993,passenger-km,0.088,44.72159999999999
B0005,FuelStation,2024-03,bus,1555.2,passenger-km,0.088,136.8576
B0005,FuelStation,2024-03,car_petrol,84.1,km,0.225,18.9225
B0005,FuelStation,2024-03,bus,853.8000000000001,passenger-km,0.088,75.1344
B0005,FuelStation,2024-04,bus,1533.6,passenger-km,0.088,134.9568
B0005,FuelStation,2024-04,car_diesel,263.5,km,0.201,52.9635
B0005,FuelStation,2024-04,motorbike,145.4,km,0.112,16.2848
B0005,FuelStation,2024-04,bus,230.0,passenger-km,0.088,20.24
B0005,FuelStation,2024-05,car_petrol,265.3,km,0.225,59.6925
B0005,FuelStation,2024-05,motorbike,106.2,km,0.112,11.894400000000001
B0005,FuelStation,2024-05,bus,923.5,passenger-km,0.088,81.268
B0005,FuelStation,2024-05,delivery_van,118.7,km,0.315,37.3905
B0005,FuelStation,2024-05,car_petrol,258.0,km,0.225,58.050000000000004
B0005,FuelStation,2024-06,car_petrol,97.1,km,0.225,21.8475
B0005,FuelStation,2024-06,delivery_van,267.6,km,0.315,84.29400000000001
B0005,FuelStation,2024-06,motorbike,92.7,km,0.112,10.3824
B0005,FuelStation,2024-06,car_diesel,114.8,km,0.201,23.0748
B0005,FuelStation,2024-06,motorbike,103.1,km,0.112,11.5472
B0005,FuelStation,2024-07,delivery_van,164.5,km,0.315,51.8175
B0005,FuelStation,2024-07,delivery_van,270.6,km,0.315,85.239
B0005,FuelStation,2024-07,delivery_van,204.6,km,0.315,64.449
B0005,FuelStation,2024-07,car_diesel,196.9,km,0.201,39.5769
B0005,FuelStation,2024-07,delivery_van,67.7,km,0.315,21.3255
B0005,FuelStation,2024-08,motorbike,190.0,km,0.112,21.28
B0005,FuelStation,2024-08,car_petrol,49.6,km,0.225,11.16
B0005,FuelStation,2024-08,car_petrol,136.5,km,0.225,30.712500000000002
B0005,FuelStation,2024-09,motorbike,181.7,km,0.112,20.3504
B0005,FuelStation,2024-09,bus,335.5,passenger-km,0.088,29.523999999999997
B0005,FuelStation,2024-09,bus,522.0,passenger-km,0.088,45.936
B0005,FuelStation,2024-09,car_diesel,166.9,km,0.201,33.5469
B0005,FuelStation,2024-10,car_petrol,91.3,km,0.225,20.5425
B0005,FuelStation,2024-10,car_petrol,238.6,km,0.225,53.685
B0005,FuelStation,2024-10,delivery_van,283.0,km,0.315,89.145
B0005,FuelStation,2024-11,bus,91.7,passenger-km,0.088,8.0696
B0005,FuelStation,2024-11,motorbike,21.4,km,0.112,2.3968
B0005,FuelStation,2024-12,bus,679.5,passenger-km,0.088,59.796
B0005,FuelStation,2024-12,motorbike,275.7,km,0.112,30.8784
B0005,FuelStation,2024-12,car_diesel,58.5,km,0.201,11.758500000000002
B0005,FuelStation,2024-12,car_petrol,275.6,km,0.225,62.010000000000005
